Name,Label,Canton_name
Aadorf,23,Frauenfeld
Aarau,20,Aarau
Aarberg,16,Bern
Aarburg,13,Solothurn
Aarwangen,16,Bern
Abtwil,4,Luzern
Aclens,9,Lausanne
Acquarossa,12,Lugano
Adelboden,16,Bern
Adligenswil,4,Luzern
Adlikon,5,Zürich
Adliswil,5,Zürich
Aedermannsdorf,13,Solothurn
Aefligen,16,Bern
Aegerten,16,Bern
Aesch (BL),3,Basel
Aesch (LU),20,Aarau
Aesch (ZH),20,Aarau
Aeschi (SO),16,Bern
Aeschi bei Spiez,16,Bern
Aeugst am Albis,5,Zürich
Affeltrangen,23,Frauenfeld
Affoltern am Albis,5,Zürich
Affoltern im Emmental,16,Bern
Agarn,6,Sion
Agiez,9,Lausanne
Agno,12,Lugano
Aigle,6,Sion
Aire-la-Ville,10,Genève
Airolo,15,Chur
Alberswil,4,Luzern
Albinen,6,Sion
Albula/Alvra,15,Chur
Alchenstorf,16,Bern
Allaman,9,Lausanne
Alle,18,Delémont
Allmendingen,16,Bern
Allschwil,3,Basel
Alpnach,4,Luzern
Alpthal,7,Rapperswil-Jona
Altbüron,4,Luzern
Altdorf (UR),0,Altdorf (UR)
Altendorf,7,Rapperswil-Jona
Alterswil,19,Fribourg
Altikon,23,Frauenfeld
Altishofen,4,Luzern
Altnau,23,Frauenfeld
Alto Malcantone,12,Lugano
Altstätten,21,St. Gallen
Altwis,20,Aarau
Amden,21,St. Gallen
Amlikon-Bissegg,23,Frauenfeld
Ammerswil,20,Aarau
Amriswil,23,Frauenfeld
Amsoldingen,16,Bern
Andeer,15,Chur
Andelfingen,5,Zürich
Andermatt,15,Chur
Andiast,15,Chur
Andwil (SG),21,St. Gallen
Anières,10,Genève
Anniviers,6,Sion
Anwil,20,Aarau
Appenzell,21,St. Gallen
Apples,9,Lausanne
Aranno,12,Lugano
Arbaz,6,Sion
Arbedo-Castione,12,Lugano
Arboldswil,3,Basel
Arbon,21,St. Gallen
Arch,13,Solothurn
Arconciel,19,Fribourg
Ardon,6,Sion
Arisdorf,3,Basel
Aristau,20,Aarau
Arlesheim,3,Basel
Arnex-sur-Nyon,9,Lausanne
Arnex-sur-Orbe,9,Lausanne
Arni (AG),20,Aarau
Arni (BE),16,Bern
Arogno,12,Lugano
Arosa,15,Chur
Arth,4,Luzern
Arzier-Le Muids,9,Lausanne
Ascona,12,Lugano
Assens,9,Lausanne
Astano,12,Lugano
Attalens,19,Fribourg
Attelwil,20,Aarau
Attinghausen,0,Altdorf (UR)
Attiswil,13,Solothurn
Au (SG),21,St. Gallen
Aubonne,9,Lausanne
Auboranges,9,Lausanne
Auenstein,20,Aarau
Augst,3,Basel
Ausserberg,6,Sion
Auswil,16,Bern
Autafond,19,Fribourg
Autigny,19,Fribourg
Auw,4,Luzern
Avegno Gordevio,12,Lugano
Avenches,19,Fribourg
Avers,15,Chur
Avry,19,Fribourg
Avully,10,Genève
Avusy,10,Genève
Ayent,6,Sion
Baar,5,Zürich
Bachenbülach,5,Zürich
Bachs,5,Zürich
Bad Ragaz,21,St. Gallen
Bad Zurzach,20,Aarau
Baden,20,Aarau
Bagnes,6,Sion
Baldingen,20,Aarau
Balerna,12,Lugano
Balgach,21,St. Gallen
Ballaigues,9,Lausanne
Ballens,9,Lausanne
Ballwil,4,Luzern
Balm bei Günsberg,13,Solothurn
Balsthal,13,Solothurn
Baltschieder,6,Sion
Bangerten,16,Bern
Bannwil,13,Solothurn
Barberêche,19,Fribourg
Bardonnex,10,Genève
Bargen (BE),16,Bern
Bargen (SH),22,Schaffhausen
Bas-Intyamon,19,Fribourg
Bas-Vully,19,Fribourg
Basadingen-Schlattingen,23,Frauenfeld
Basel,3,Basel
Basse-Allaine,18,Delémont
Bassersdorf,5,Zürich
Bassins,9,Lausanne
Bauen,0,Altdorf (UR)
Baulmes,9,Lausanne
Bauma,5,Zürich
Bavois,9,Lausanne
Beatenberg,16,Bern
Beckenried,4,Luzern
Bedano,12,Lugano
Bedigliora,12,Lugano
Bedretto,15,Chur
Beggingen,22,Schaffhausen
Begnins,9,Lausanne
Beinwil (Freiamt),20,Aarau
Beinwil (SO),13,Solothurn
Beinwil am See,20,Aarau
Belfaux,19,Fribourg
Bellach,13,Solothurn
Bellevue,10,Genève
Bellikon,20,Aarau
Bellinzona,12,Lugano
Bellmund,16,Bern
Bellwald,6,Sion
Belmont-sur-Lausanne,9,Lausanne
Belmont-sur-Yverdon,9,Lausanne
Belp,16,Bern
Belprahon,18,Delémont
Benken (SG),21,St. Gallen
Benken (ZH),5,Zürich
Bennwil,3,Basel
Bercher,9,Lausanne
Berg (SG),21,St. Gallen
Berg (TG),23,Frauenfeld
Berg am Irchel,5,Zürich
Bergdietikon,20,Aarau
Bergün/Bravuogn,15,Chur
Berikon,20,Aarau
Beringen,22,Schaffhausen
Berken,13,Solothurn
Berlingen,23,Frauenfeld
Bern,16,Bern
Berneck,21,St. Gallen
Bernex,10,Genève
Berolle,9,Lausanne
Beromünster,20,Aarau
Besenbüren,20,Aarau
Bettenhausen,16,Bern
Bettens,9,Lausanne
Bettingen,3,Basel
Bettlach,13,Solothurn
Bettmeralp,6,Sion
Bettwiesen,23,Frauenfeld
Bettwil,20,Aarau
Beurnevésin,18,Delémont
Bevaix,24,La Chaux-de-Fonds
Bever,15,Chur
Bex,6,Sion
Biasca,12,Lugano
Biberist,13,Solothurn
Biberstein,20,Aarau
Bichelsee-Balterswil,23,Frauenfeld
Biel-Benken,3,Basel
Biel/Bienne,16,Bern
Biezwil,13,Solothurn
Biglen,16,Bern
Billens-Hennens,19,Fribourg
Binn,6,Sion
Binningen,3,Basel
Bioggio,12,Lugano
Bioley-Magnoux,9,Lausanne
Bioley-Orjulaz,9,Lausanne
Birmensdorf (ZH),5,Zürich
Birmenstorf (AG),20,Aarau
Birr,20,Aarau
Birrhard,20,Aarau
Birrwil,20,Aarau
Birsfelden,3,Basel
Birwinken,23,Frauenfeld
Bischofszell,23,Frauenfeld
Bissone,12,Lugano
Bister,6,Sion
Bitsch,6,Sion
Bivio,15,Chur
Bière,9,Lausanne
Blatten,6,Sion
Blauen,3,Basel
Bleienbach,16,Bern
Blenio,15,Chur
Blitzingen,6,Sion
Blonay,19,Fribourg
Blumenstein,16,Bern
Bodio,12,Lugano
Bofflens,9,Lausanne
Bogis-Bossey,10,Genève
Bolken,13,Solothurn
Bolligen,16,Bern
Boltigen,16,Bern
Bonaduz,15,Chur
Boncourt,18,Delémont
Bonfol,18,Delémont
Boningen,13,Solothurn
Boniswil,20,Aarau
Bonstetten,5,Zürich
Bonvillars,9,Lausanne
Boppelsen,5,Zürich
Borex,9,Lausanne
Bosco/Gurin,12,Lugano
Bossonnens,19,Fribourg
Boswil,20,Aarau
Bottens,9,Lausanne
Bottenwil,20,Aarau
Botterens,19,Fribourg
Bottighofen,23,Frauenfeld
Bottmingen,3,Basel
Boudry,24,La Chaux-de-Fonds
Bougy-Villars,9,Lausanne
Boulens,9,Lausanne
Bourg-Saint-Pierre,6,Sion
Bourg-en-Lavaux,9,Lausanne
Bournens,9,Lausanne
Bourrignon,18,Delémont
Boussens,9,Lausanne
Bovernier,6,Sion
Bowil,16,Bern
Boécourt,18,Delémont
Braunau,23,Frauenfeld
Bregaglia,15,Chur
Breggia,12,Lugano
Breil/Brigels,7,Rapperswil-Jona
Breitenbach,3,Basel
Bremblens,9,Lausanne
Bremgarten (AG),20,Aarau
Bremgarten bei Bern,16,Bern
Brenles,19,Fribourg
Brenzikofen,16,Bern
Bretigny-sur-Morrens,9,Lausanne
Bretonnières,9,Lausanne
Bretzwil,3,Basel
Brienz (BE),1,Sachseln
Brienzwiler,1,Sachseln
Brig-Glis,6,Sion
Brione (Verzasca),12,Lugano
Brione sopra Minusio,12,Lugano
Brislach,3,Basel
Brissago,12,Lugano
Brittnau,13,Solothurn
Broc,19,Fribourg
Brot-Dessous,24,La Chaux-de-Fonds
Brot-Plamboz,24,La Chaux-de-Fonds
Brugg,20,Aarau
Brunegg,20,Aarau
Brusino Arsizio,12,Lugano
Brusio,15,Chur
Brügg,16,Bern
Brünisried,19,Fribourg
Brüttelen,16,Bern
Brütten,5,Zürich
Bubendorf,3,Basel
Bubikon,5,Zürich
Buch (SH),23,Frauenfeld
Buch am Irchel,5,Zürich
Buchberg,5,Zürich
Buchegg,13,Solothurn
Buchholterberg,16,Bern
Buchillon,9,Lausanne
Buchrain,4,Luzern
Buchs (AG),20,Aarau
Buchs (SG),21,St. Gallen
Buchs (ZH),5,Zürich
Buckten,3,Basel
Bulle,19,Fribourg
Bullet,9,Lausanne
Buochs,4,Luzern
Bure,18,Delémont
Burg (AG),20,Aarau
Burg im Leimental,3,Basel
Burgdorf,16,Bern
Burgistein,16,Bern
Bursinel,9,Lausanne
Bursins,9,Lausanne
Burtigny,9,Lausanne
Buseno,15,Chur
Bussigny,9,Lausanne
Bussnang,23,Frauenfeld
Busswil bei Melchnau,16,Bern
Bussy (FR),19,Fribourg
Bussy-Chardonney,9,Lausanne
Bussy-sur-Moudon,9,Lausanne
Buttisholz,4,Luzern
Buttwil,20,Aarau
Buus,3,Basel
Bäretswil,5,Zürich
Bäriswil,16,Bern
Bärschwil,18,Delémont
Bätterkinden,16,Bern
Bättwil,3,Basel
Böbikon,20,Aarau
Böckten,3,Basel
Bönigen,16,Bern
Bösingen,19,Fribourg
Böttstein,20,Aarau
Bözberg,20,Aarau
Bözen,20,Aarau
Büetigen,16,Bern
Bühl,16,Bern
Bühler,21,St. Gallen
Bülach,5,Zürich
Bünzen,20,Aarau
Bürchen,6,Sion
Büren (SO),3,Basel
Büren an der Aare (Urne commune),16,Bern
Bürglen (TG),23,Frauenfeld
Bürglen (UR),0,Altdorf (UR)
Büron,20,Aarau
Büsserach,13,Solothurn
Bütschwil-Ganterschwil,21,St. Gallen
Büttenhardt,22,Schaffhausen
Büttikon,20,Aarau
Cademario,12,Lugano
Cadempino,12,Lugano
Cadenazzo,12,Lugano
Calanca,15,Chur
Cama,15,Chur
Camorino,12,Lugano
Campo (Vallemaggia),12,Lugano
Canobbio,12,Lugano
Capriasca,12,Lugano
Carouge (GE),10,Genève
Carrouge (VD),9,Lausanne
Cartigny,10,Genève
Caslano,12,Lugano
Castaneda,15,Chur
Castel San Pietro,12,Lugano
Casti-Wergenstein,15,Chur
Cazis,15,Chur
Celerina/Schlarigna,15,Chur
Centovalli,12,Lugano
Cerentino,12,Lugano
Cevio,12,Lugano
Chalais,6,Sion
Cham,5,Zürich
Chamblon,9,Lausanne
Chamoson,6,Sion
Champagne,9,Lausanne
Champoz,18,Delémont
Champtauroz,9,Lausanne
Champvent,9,Lausanne
Champéry,6,Sion
Chancy,10,Genève
Chapelle (Glâne),19,Fribourg
Chardonne,19,Fribourg
Charrat,6,Sion
Chavannes-de-Bogis,10,Genève
Chavannes-des-Bois,10,Genève
Chavannes-le-Chêne,9,Lausanne
Chavannes-le-Veyron,9,Lausanne
Chavannes-près-Renens,9,Lausanne
Chavannes-sur-Moudon,19,Fribourg
Chavornay,9,Lausanne
Cheiry,9,Lausanne
Chermignon,6,Sion
Chesalles-sur-Moudon,19,Fribourg
Cheseaux-Noréaz,9,Lausanne
Cheseaux-sur-Lausanne,9,Lausanne
Chessel,6,Sion
Chevilly,9,Lausanne
Chevroux,19,Fribourg
Chexbres,9,Lausanne
Cheyres,9,Lausanne
Chiasso,12,Lugano
Chigny,9,Lausanne
Chippis,6,Sion
Choulex,10,Genève
Chur,15,Chur
Churwalden,15,Chur
Châbles,19,Fribourg
Château-d'Oex,19,Fribourg
Châtel-Saint-Denis,19,Fribourg
Châtel-sur-Montsalvens,19,Fribourg
Châtillon (FR),19,Fribourg
Châtillon (JU),18,Delémont
Châtonnaye,19,Fribourg
Chénens,19,Fribourg
Chéserex,9,Lausanne
Chésopelloz,19,Fribourg
Chêne-Bougeries,10,Genève
Chêne-Bourg,10,Genève
Chêne-Pâquier,9,Lausanne
Clarmont,9,Lausanne
Claro,12,Lugano
Clavaleyres (Urne commune),19,Fribourg
Clos du Doubs,18,Delémont
Coeuve,18,Delémont
Coinsins,9,Lausanne
Coldrerio,12,Lugano
Collex-Bossy,10,Genève
Collina d'Oro,12,Lugano
Collombey-Muraz,6,Sion
Collonge-Bellerive,10,Genève
Collonges,6,Sion
Cologny,10,Genève
Comano,12,Lugano
Commugny,10,Genève
Concise,9,Lausanne
Confignon,10,Genève
Conters im Prättigau,15,Chur
Conthey,6,Sion
Coppet,10,Genève
Corban,18,Delémont
Corbeyrier,6,Sion
Corbières,19,Fribourg
Corcelles (BE),18,Delémont
Corcelles-Cormondrèche,24,La Chaux-de-Fonds
Corcelles-le-Jorat,9,Lausanne
Corcelles-près-Concise,9,Lausanne
Corcelles-près-Payerne,19,Fribourg
Corcelles-sur-Chavornay,9,Lausanne
Corgémont,18,Delémont
Corippo,12,Lugano
Corminboeuf,19,Fribourg
Cormoret,18,Delémont
Cornaux,24,La Chaux-de-Fonds
Cornol,18,Delémont
Corpataux-Magnedens,19,Fribourg
Corseaux,19,Fribourg
Corserey,19,Fribourg
Corsier (GE),10,Genève
Corsier-sur-Vevey,19,Fribourg
Cortaillod,24,La Chaux-de-Fonds
Cortébert,18,Delémont
Cossonay,9,Lausanne
Cottens (FR),19,Fribourg
Cottens (VD),9,Lausanne
Courchapoix,18,Delémont
Courchavon,18,Delémont
Courgenay,18,Delémont
Courgevaux,19,Fribourg
Courlevon,19,Fribourg
Courrendlin,18,Delémont
Courroux,18,Delémont
Court,18,Delémont
Courtedoux,18,Delémont
Courtelary,18,Delémont
Courtepin,19,Fribourg
Courtételle,18,Delémont
Crans-près-Céligny,9,Lausanne
Crassier,9,Lausanne
Cremin,9,Lausanne
Cresciano,12,Lugano
Cressier (FR),19,Fribourg
Cressier (NE),24,La Chaux-de-Fonds
Crissier,9,Lausanne
Croglio,12,Lugano
Cronay,9,Lausanne
Croy,9,Lausanne
Crémines,18,Delémont
Crésuz,19,Fribourg
Cuarnens,9,Lausanne
Cuarny,9,Lausanne
Cudrefin,19,Fribourg
Cugnasco-Gerra,12,Lugano
Cugy (FR),19,Fribourg
Cugy (VD),9,Lausanne
Cunter,15,Chur
Cureglia,12,Lugano
Curio,12,Lugano
Curtilles,19,Fribourg
Céligny,9,Lausanne
Dachsen,5,Zürich
Dagmersellen,4,Luzern
Daillens,9,Lausanne
Dallenwil,4,Luzern
Dalpe,12,Lugano
Damphreux,18,Delémont
Dardagny,10,Genève
Davos,15,Chur
Degersheim,21,St. Gallen
Deisswil bei Münchenbuchsee (Urne commune),16,Bern
Deitingen,13,Solothurn
Delley-Portalban,19,Fribourg
Delémont,18,Delémont
Denens,9,Lausanne
Denges,9,Lausanne
Densbüren,20,Aarau
Derendingen,13,Solothurn
Develier,18,Delémont
Diegten,3,Basel
Dielsdorf,5,Zürich
Diemerswil,16,Bern
Diemtigen,16,Bern
Diepflingen,3,Basel
Diepoldsau,21,St. Gallen
Dierikon,4,Luzern
Diessbach bei Büren,16,Bern
Diessenhofen,23,Frauenfeld
Dietikon,5,Zürich
Dietlikon,5,Zürich
Dietwil,4,Luzern
Dinhard,23,Frauenfeld
Dintikon,20,Aarau
Disentis/Mustér,15,Chur
Dittingen,3,Basel
Dizy,9,Lausanne
Domat/Ems,15,Chur
Domdidier,19,Fribourg
Domleschg,15,Chur
Dompierre (FR),19,Fribourg
Dompierre (VD),19,Fribourg
Donat,15,Chur
Donneloye,9,Lausanne
Doppleschwand,4,Luzern
Dorf,5,Zürich
Dornach,3,Basel
Dorénaz,6,Sion
Dottikon,20,Aarau
Dotzigen,16,Bern
Dozwil,23,Frauenfeld
Drei Höfe,16,Bern
Duggingen,3,Basel
Duillier,9,Lausanne
Dulliken,13,Solothurn
Dully,9,Lausanne
Dägerlen,5,Zürich
Dällikon,5,Zürich
Däniken,13,Solothurn
Dänikon,5,Zürich
Därligen,16,Bern
Därstetten,16,Bern
Dättlikon,5,Zürich
Démoret,9,Lausanne
Dörflingen,22,Schaffhausen
Döttingen,20,Aarau
Dübendorf,5,Zürich
Düdingen,19,Fribourg
Dürnten,5,Zürich
Dürrenroth,16,Bern
Dürrenäsch,20,Aarau
Ebersecken,4,Luzern
Ebikon,4,Luzern
Ebnat-Kappel,21,St. Gallen
Echallens,9,Lausanne
Echandens,9,Lausanne
Echarlens,19,Fribourg
Echichens,9,Lausanne
Eclépens,9,Lausanne
Ecublens (FR),9,Lausanne
Ecublens (VD),9,Lausanne
Ederswiler,18,Delémont
Effingen,20,Aarau
Egerkingen,13,Solothurn
Egg,5,Zürich
Eggenwil,20,Aarau
Eggerberg,6,Sion
Eggersriet,21,St. Gallen
Eggiwil,16,Bern
Eglisau,5,Zürich
Egliswil,20,Aarau
Egnach,23,Frauenfeld
Egolzwil,4,Luzern
Ehrendingen,20,Aarau
Eich,4,Luzern
Eichberg,21,St. Gallen
Eiken,20,Aarau
Einsiedeln,7,Rapperswil-Jona
Eischoll,6,Sion
Eisten,6,Sion
Elfingen,20,Aarau
Elgg,23,Frauenfeld
Ellikon an der Thur,23,Frauenfeld
Elsau,5,Zürich
Embd,6,Sion
Embrach,5,Zürich
Emmen,4,Luzern
Emmetten,7,Rapperswil-Jona
Endingen,20,Aarau
Engelberg,0,Altdorf (UR)
Enges,24,La Chaux-de-Fonds
Ennetbaden,20,Aarau
Ennetbürgen,4,Luzern
Ennetmoos,4,Luzern
Entlebuch,4,Luzern
Epalinges,9,Lausanne
Ependes (FR),19,Fribourg
Ependes (VD),9,Lausanne
Eppenberg-Wöschnau,20,Aarau
Epsach,16,Bern
Eptingen,3,Basel
Ergisch,6,Sion
Eriswil,16,Bern
Eriz,16,Bern
Erlach,16,Bern
Erlen,23,Frauenfeld
Erlenbach (ZH),5,Zürich
Erlenbach im Simmental,16,Bern
Erlinsbach (AG),20,Aarau
Erlinsbach (SO),20,Aarau
Ermatingen,23,Frauenfeld
Ermensee,20,Aarau
Ernen,6,Sion
Erschwil,18,Delémont
Ersigen (Urne commune),16,Bern
Erstfeld,0,Altdorf (UR)
Eschenbach (LU),4,Luzern
Eschenbach (SG),21,St. Gallen
Eschenz,23,Frauenfeld
Eschert,18,Delémont
Eschlikon,23,Frauenfeld
Escholzmatt-Marbach,16,Bern
Essert-Pittet,9,Lausanne
Essertes,9,Lausanne
Essertines-sur-Rolle,9,Lausanne
Essertines-sur-Yverdon,9,Lausanne
Estavayer-le-Lac,19,Fribourg
Etagnières,9,Lausanne
Etoy,9,Lausanne
Ettingen,3,Basel
Ettiswil,4,Luzern
Etziken,13,Solothurn
Evilard,16,Bern
Evionnaz,6,Sion
Evolène,6,Sion
Eysins,9,Lausanne
Fahrni,16,Bern
Fahrwangen,20,Aarau
Fahy,18,Delémont
Faido,12,Lugano
Falera,15,Chur
Faoug,19,Fribourg
Farnern,13,Solothurn
Farvagny,19,Fribourg
Fehraltorf,5,Zürich
Fehren,13,Solothurn
Felben-Wellhausen,23,Frauenfeld
Feldbrunnen-St. Niklaus,13,Solothurn
Felsberg,15,Chur
Ferden,6,Sion
Ferenbalm,19,Fribourg
Ferlens (VD),9,Lausanne
Ferpicloz,19,Fribourg
Ferrera,15,Chur
Ferreyres,9,Lausanne
Feuerthalen,22,Schaffhausen
Feusisberg,5,Zürich
Fey,9,Lausanne
Fideris,15,Chur
Fiesch,6,Sion
Fieschertal,6,Sion
Fiez,9,Lausanne
Filisur,15,Chur
Finhaut,6,Sion
Finsterhennen,16,Bern
Fischbach,4,Luzern
Fischbach-Göslikon,20,Aarau
Fischenthal,5,Zürich
Fischingen,21,St. Gallen
Fisibach,5,Zürich
Fislisbach,20,Aarau
Flaach,5,Zürich
Flawil,21,St. Gallen
Flerden,15,Chur
Flims,15,Chur
Flumenthal,13,Solothurn
Flums,21,St. Gallen
Flurlingen,22,Schaffhausen
Fläsch,21,St. Gallen
Flüelen,0,Altdorf (UR)
Flühli,1,Sachseln
Fontaines-sur-Grandson,9,Lausanne
Fontenais,18,Delémont
Forel (Lavaux),9,Lausanne
Forel-sur-Lucens,9,Lausanne
Forst-Längenbühl,16,Bern
Founex,10,Genève
Frasco,12,Lugano
Fraubrunnen,16,Bern
Frauenfeld,23,Frauenfeld
Frauenkappelen,16,Bern
Freienbach,5,Zürich
Freienstein-Teufen,5,Zürich
Freienwil,20,Aarau
Freimettigen,16,Bern
Frenkendorf,3,Basel
Fresens,9,Lausanne
Fribourg,19,Fribourg
Frick,20,Aarau
Froideville,9,Lausanne
Frutigen,16,Bern
Fräschels,16,Bern
Fulenbach,13,Solothurn
Full-Reuenthal,20,Aarau
Fully,6,Sion
Furna,15,Chur
Fällanden,5,Zürich
Féchy,9,Lausanne
Fétigny,19,Fribourg
Füllinsdorf,3,Basel
Fürstenau,15,Chur
Gachnang,23,Frauenfeld
Gais,21,St. Gallen
Gaiserwald,21,St. Gallen
Galgenen,7,Rapperswil-Jona
Galmiz,19,Fribourg
Gals,24,La Chaux-de-Fonds
Gambarogno,12,Lugano
Gampel-Bratsch,6,Sion
Gampelen,24,La Chaux-de-Fonds
Gams,21,St. Gallen
Gansingen,20,Aarau
Gebenstorf,20,Aarau
Gelterfingen,16,Bern
Gelterkinden,3,Basel
Geltwil,20,Aarau
Gempen,3,Basel
Gempenach,19,Fribourg
Genolier,9,Lausanne
Genthod,10,Genève
Genève,10,Genève
Gerlafingen,16,Bern
Geroldswil,5,Zürich
Gersau,4,Luzern
Gerzensee,16,Bern
Gettnau,4,Luzern
Geuensee,4,Luzern
Giebenach,3,Basel
Giez,9,Lausanne
Giffers,19,Fribourg
Gilly,9,Lausanne
Gimel,9,Lausanne
Gingins,9,Lausanne
Giornico,12,Lugano
Gipf-Oberfrick,20,Aarau
Gisikon,4,Luzern
Giswil,1,Sachseln
Giubiasco,12,Lugano
Givisiez,19,Fribourg
Givrins,9,Lausanne
Gland,9,Lausanne
Glarus,2,Glarus
Glarus Nord,21,St. Gallen
Glarus Süd,7,Rapperswil-Jona
Glattfelden,5,Zürich
Gletterens,19,Fribourg
Gnosca,12,Lugano
Golaten,16,Bern
Goldach,21,St. Gallen
Gollion,9,Lausanne
Gommiswald,21,St. Gallen
Gondiswil,16,Bern
Gonten,21,St. Gallen
Gontenschwil,20,Aarau
Gordola,12,Lugano
Gorduno,12,Lugano
Gorgier,24,La Chaux-de-Fonds
Gossau (SG),21,St. Gallen
Gossau (ZH),5,Zürich
Gottlieben,23,Frauenfeld
Goumoëns,9,Lausanne
Graben,13,Solothurn
Grabs,21,St. Gallen
Grafschaft,6,Sion
Grancia,12,Lugano
Grancy,9,Lausanne
Grandcour,19,Fribourg
Grandevent,9,Lausanne
Grandfontaine,18,Delémont
Grandson,9,Lausanne
Grandval,18,Delémont
Grandvillard,19,Fribourg
Granges (Veveyse),19,Fribourg
Granges-Paccot,19,Fribourg
Grangettes,19,Fribourg
Gravesano,12,Lugano
Greifensee,5,Zürich
Grellingen,3,Basel
Grenchen,16,Bern
Greng,19,Fribourg
Grengiols,6,Sion
Grens,9,Lausanne
Greppen,4,Luzern
Gresso,12,Lugano
Gretzenbach,20,Aarau
Grimisuat,6,Sion
Grindel,18,Delémont
Grindelwald,0,Altdorf (UR)
Grolley,19,Fribourg
Grono,15,Chur
Grossaffoltern,16,Bern
Grossdietwil,4,Luzern
Grosshöchstetten,16,Bern
Grosswangen,4,Luzern
Grub (AR),21,St. Gallen
Gruyères,19,Fribourg
Gryon,6,Sion
Grächen,6,Sion
Gränichen,20,Aarau
Grône,6,Sion
Grüningen,5,Zürich
Grüsch,15,Chur
Gsteig,6,Sion
Gsteigwiler,16,Bern
Gudo,12,Lugano
Guggisberg,19,Fribourg
Gunzgen,13,Solothurn
Gurbrü,16,Bern
Gurmels,19,Fribourg
Gurtnellen,15,Chur
Gurzelen,16,Bern
Guttannen,6,Sion
Guttet-Feschel,6,Sion
Gy,10,Genève
Gächlingen,22,Schaffhausen
Gänsbrunnen,18,Delémont
Göschenen,15,Chur
Gündlischwand,16,Bern
Günsberg,13,Solothurn
Güttingen,23,Frauenfeld
Habkern,16,Bern
Habsburg,20,Aarau
Hagenbuch,23,Frauenfeld
Hagneck,16,Bern
Haldenstein,15,Chur
Hallau,22,Schaffhausen
Hallwil,20,Aarau
Halten,16,Bern
Hasle (LU),4,Luzern
Hasle bei Burgdorf,16,Bern
Hasliberg,1,Sachseln
Hauenstein-Ifenthal,3,Basel
Hauptwil-Gottshaus,23,Frauenfeld
Hausen (AG),20,Aarau
Hausen am Albis,5,Zürich
Haut-Intyamon,19,Fribourg
Haut-Vully,19,Fribourg
Haute-Ajoie,18,Delémont
Haute-Sorne,18,Delémont
Hauterive (FR),19,Fribourg
Hauterive (NE),24,La Chaux-de-Fonds
Hauteville,19,Fribourg
Hedingen,5,Zürich
Hefenhofen,23,Frauenfeld
Heiden,21,St. Gallen
Heiligenschwendi,16,Bern
Heimberg,16,Bern
Heimenhausen,13,Solothurn
Heimiswil,16,Bern
Heitenried,19,Fribourg
Hellikon,3,Basel
Hellsau (Urne commune),16,Bern
Hemberg,21,St. Gallen
Hemishofen,23,Frauenfeld
Hemmiken,3,Basel
Hendschiken,20,Aarau
Henggart,5,Zürich
Henniez,9,Lausanne
Herbetswil,13,Solothurn
Herbligen,16,Bern
Herdern,23,Frauenfeld
Hergiswil (NW),4,Luzern
Hergiswil bei Willisau,4,Luzern
Herisau,25,Herisau
Hermance,10,Genève
Hermenches,9,Lausanne
Hermiswil,16,Bern
Hermrigen,16,Bern
Herrliberg,5,Zürich
Hersberg,3,Basel
Herznach,20,Aarau
Herzogenbuchsee,16,Bern
Hettlingen,5,Zürich
Hildisrieden,4,Luzern
Hilterfingen,16,Bern
Himmelried,3,Basel
Hindelbank,16,Bern
Hinterrhein,15,Chur
Hinwil,5,Zürich
Hirschthal,20,Aarau
Hirzel,5,Zürich
Hittnau,5,Zürich
Hitzkirch,20,Aarau
Hochdorf,4,Luzern
Hochfelden,5,Zürich
Hochwald,3,Basel
Hofstetten (ZH),23,Frauenfeld
Hofstetten bei Brienz,1,Sachseln
Hofstetten-Flüh,3,Basel
Hohenrain,4,Luzern
Hohentannen,23,Frauenfeld
Holderbank (AG),20,Aarau
Holderbank (SO),13,Solothurn
Holziken,20,Aarau
Homberg,16,Bern
Hombrechtikon,5,Zürich
Homburg,23,Frauenfeld
Honau,4,Luzern
Horgen,5,Zürich
Horn,21,St. Gallen
Hornussen,20,Aarau
Horrenbach-Buchen,16,Bern
Horriwil,13,Solothurn
Horw,4,Luzern
Hospental,15,Chur
Hubersdorf,13,Solothurn
Humlikon,5,Zürich
Hundwil,21,St. Gallen
Hunzenschwil,20,Aarau
Huttwil,16,Bern
Häfelfingen,3,Basel
Hägendorf,13,Solothurn
Häggenschwil,23,Frauenfeld
Hägglingen,20,Aarau
Härkingen,13,Solothurn
Häutligen,16,Bern
Hérémence,6,Sion
Höchstetten (Urne commune),16,Bern
Hölstein,3,Basel
Höri,5,Zürich
Hünenberg,4,Luzern
Hüniken,13,Solothurn
Hüntwangen,5,Zürich
Hütten,5,Zürich
Hüttikon,5,Zürich
Hüttlingen,23,Frauenfeld
Hüttwilen,23,Frauenfeld
Icogne,6,Sion
Iffwil,16,Bern
Ilanz/Glion,15,Chur
Illgau,7,Rapperswil-Jona
Illnau-Effretikon,5,Zürich
Inden,6,Sion
Ingenbohl,7,Rapperswil-Jona
Inkwil,13,Solothurn
Innerthal,7,Rapperswil-Jona
Innertkirchen,0,Altdorf (UR)
Ins,16,Bern
Interlaken,16,Bern
Inwil,4,Luzern
Ipsach,16,Bern
Iragna,12,Lugano
Iseltwald,16,Bern
Isenthal,7,Rapperswil-Jona
Islisberg,5,Zürich
Isone,12,Lugano
Isorno,12,Lugano
Isérables,6,Sion
Itingen,3,Basel
Ittigen,16,Bern
Jaberg (Urne commune),16,Bern
Jaun,19,Fribourg
Jegenstorf,16,Bern
Jenaz,15,Chur
Jenins,15,Chur
Jens,16,Bern
Jeuss,19,Fribourg
Jonen,20,Aarau
Jongny,19,Fribourg
Jonschwil,21,St. Gallen
Jorat-Menthue,9,Lausanne
Jouxtens-Mézery,9,Lausanne
Juriens,9,Lausanne
Jussy,10,Genève
Kaiseraugst,3,Basel
Kaiserstuhl,5,Zürich
Kaisten,20,Aarau
Kallern,20,Aarau
Kallnach,16,Bern
Kaltbrunn,21,St. Gallen
Kammersrohr,13,Solothurn
Kandergrund,16,Bern
Kandersteg,16,Bern
Kappel (SO),13,Solothurn
Kappel am Albis,5,Zürich
Kappelen,16,Bern
Kaufdorf,16,Bern
Kehrsatz,16,Bern
Kemmental,23,Frauenfeld
Kernenried,16,Bern
Kerns,4,Luzern
Kerzers,16,Bern
Kesswil,23,Frauenfeld
Kestenholz,13,Solothurn
Kienberg,20,Aarau
Kiesen,16,Bern
Kilchberg (BL),3,Basel
Kilchberg (ZH),5,Zürich
Killwangen,20,Aarau
Kippel,6,Sion
Kirchberg (BE),16,Bern
Kirchberg (SG),21,St. Gallen
Kirchdorf (BE) (Urne commune),16,Bern
Kirchenthurnen,16,Bern
Kirchleerau,20,Aarau
Kirchlindach,16,Bern
Kleinandelfingen,5,Zürich
Kleinbösingen,19,Fribourg
Kleinlützel,3,Basel
Klingnau,20,Aarau
Klosters-Serneus,15,Chur
Kloten,5,Zürich
Knonau,5,Zürich
Knutwil,4,Luzern
Koblenz,20,Aarau
Konolfingen,16,Bern
Koppigen,16,Bern
Kradolf-Schönenberg,23,Frauenfeld
Krattigen,16,Bern
Krauchthal,16,Bern
Kreuzlingen,23,Frauenfeld
Kriechenwil,19,Fribourg
Kriegstetten,16,Bern
Kriens,4,Luzern
Kyburg,5,Zürich
Känerkinden,3,Basel
Kölliken,20,Aarau
Köniz,16,Bern
Küblis,15,Chur
Künten,20,Aarau
Küsnacht (ZH),5,Zürich
Küssnacht (SZ),4,Luzern
Küttigen,20,Aarau
L'Abbaye,9,Lausanne
L'Abergement,9,Lausanne
L'Isle,9,Lausanne
La Baroche,18,Delémont
La Brillaz,19,Fribourg
La Brévine,24,La Chaux-de-Fonds
La Chaux (Cossonay),9,Lausanne
La Chaux-de-Fonds,24,La Chaux-de-Fonds
La Chaux-des-Breuleux,18,Delémont
La Chaux-du-Milieu,24,La Chaux-de-Fonds
La Côte-aux-Fées,24,La Chaux-de-Fonds
La Ferrière,24,La Chaux-de-Fonds
La Folliaz,19,Fribourg
La Neuveville,24,La Chaux-de-Fonds
La Praz,9,Lausanne
La Punt-Chamues-ch,15,Chur
La Rippe,9,Lausanne
La Roche,19,Fribourg
La Sagne,24,La Chaux-de-Fonds
La Sarraz,9,Lausanne
La Sonnaz,19,Fribourg
La Tour-de-Peilz,19,Fribourg
La Tène,24,La Chaux-de-Fonds
La Verrerie,19,Fribourg
Laax,15,Chur
Lachen,7,Rapperswil-Jona
Laconnex,10,Genève
Lajoux (JU),18,Delémont
Lalden,6,Sion
Lamone,12,Lugano
Lampenberg,3,Basel
Lancy,10,Genève
Landiswil,16,Bern
Landquart,15,Chur
Langenbruck,13,Solothurn
Langendorf,13,Solothurn
Langenthal,16,Bern
Langnau am Albis,5,Zürich
Langnau im Emmental,16,Bern
Langrickenbach,23,Frauenfeld
Lantsch/Lenz,15,Chur
Lauenen,6,Sion
Lauerz,4,Luzern
Laufen,3,Basel
Laufen-Uhwiesen,22,Schaffhausen
Laufenburg,20,Aarau
Laupen,19,Fribourg
Laupersdorf,13,Solothurn
Lauperswil,16,Bern
Lausanne,9,Lausanne
Lausen,3,Basel
Lauterbrunnen,16,Bern
Lauwil,13,Solothurn
Lavertezzo,12,Lugano
Lavey-Morcles,6,Sion
Lavigny,9,Lausanne
Lavizzara,12,Lugano
Lax,6,Sion
Le Bémont (JU),18,Delémont
Le Cerneux-Péquignot,24,La Chaux-de-Fonds
Le Chenit,9,Lausanne
Le Châtelard,19,Fribourg
Le Flon,19,Fribourg
Le Glèbe,19,Fribourg
Le Grand-Saconnex,10,Genève
Le Landeron,24,La Chaux-de-Fonds
Le Lieu,9,Lausanne
Le Locle,24,La Chaux-de-Fonds
Le Mont-sur-Lausanne,9,Lausanne
Le Mouret,19,Fribourg
Le Noirmont,24,La Chaux-de-Fonds
Le Pâquier (FR),19,Fribourg
Le Vaud,9,Lausanne
Leggia,15,Chur
Leibstadt,20,Aarau
Leimbach (AG),20,Aarau
Leissigen,16,Bern
Lengnau (AG),20,Aarau
Lengnau (BE),16,Bern
Lengwil,23,Frauenfeld
Lenk,6,Sion
Lens,6,Sion
Lenzburg,20,Aarau
Les Agettes,6,Sion
Les Bois,24,La Chaux-de-Fonds
Les Brenets,24,La Chaux-de-Fonds
Les Breuleux,18,Delémont
Les Clées,9,Lausanne
Les Enfers,18,Delémont
Les Genevez (JU),18,Delémont
Les Montets,19,Fribourg
Les Planchettes,24,La Chaux-de-Fonds
Les Ponts-de-Martel,24,La Chaux-de-Fonds
Les Verrières,24,La Chaux-de-Fonds
Leuggern,20,Aarau
Leuk,6,Sion
Leukerbad,6,Sion
Leutwil,20,Aarau
Leuzigen,13,Solothurn
Leysin,6,Sion
Leytron,6,Sion
Lichtensteig,21,St. Gallen
Liddes,6,Sion
Liedertswil,3,Basel
Liesberg,3,Basel
Liestal,3,Basel
Ligerz,24,La Chaux-de-Fonds
Lignerolle,9,Lausanne
Lignières,24,La Chaux-de-Fonds
Lindau,5,Zürich
Linden,16,Bern
Linescio,12,Lugano
Locarno,12,Lugano
Lodrino,12,Lugano
Lohn (GR),15,Chur
Lohn (SH),22,Schaffhausen
Lohn-Ammannsegg,13,Solothurn
Lohnstorf,16,Bern
Lommis,23,Frauenfeld
Lommiswil,13,Solothurn
Lonay,9,Lausanne
Longirod,9,Lausanne
Losone,12,Lugano
Lostallo,15,Chur
Lostorf,13,Solothurn
Lotzwil,16,Bern
Lovatens,19,Fribourg
Loveresse,18,Delémont
Lucens,9,Lausanne
Lufingen,5,Zürich
Lugano,12,Lugano
Lugnez,18,Delémont
Luins,9,Lausanne
Lully (FR),19,Fribourg
Lully (VD),9,Lausanne
Lumino,12,Lugano
Lumnezia,15,Chur
Lungern,1,Sachseln
Lupfig,20,Aarau
Lupsingen,3,Basel
Lurtigen,19,Fribourg
Lussery-Villars,9,Lausanne
Lussy-sur-Morges,9,Lausanne
Luterbach,13,Solothurn
Luthern,16,Bern
Lutry,9,Lausanne
Lutzenberg,21,St. Gallen
Luzein,15,Chur
Luzern,4,Luzern
Lyss,16,Bern
Lyssach,16,Bern
Läufelfingen,3,Basel
Léchelles,19,Fribourg
Löhningen,22,Schaffhausen
Lüscherz,16,Bern
Lüsslingen-Nennigkofen,13,Solothurn
Lüterkofen-Ichertswil,13,Solothurn
Lüterswil-Gächliwil,13,Solothurn
Lütisburg,21,St. Gallen
Lütschental,16,Bern
Lützelflüh,16,Bern
Madiswil,16,Bern
Madulain,15,Chur
Magden,3,Basel
Maggia,12,Lugano
Magliaso,12,Lugano
Maienfeld,15,Chur
Maisprach,3,Basel
Maladers,15,Chur
Malans,15,Chur
Malters,4,Luzern
Mammern,23,Frauenfeld
Mandach,20,Aarau
Manno,12,Lugano
Maracon,19,Fribourg
Marbach (SG),21,St. Gallen
Marchissy,9,Lausanne
Marly,19,Fribourg
Marmorera,15,Chur
Maroggia,12,Lugano
Marsens,19,Fribourg
Marthalen,5,Zürich
Martigny,6,Sion
Martigny-Combe,6,Sion
Maschwanden,5,Zürich
Masein,15,Chur
Massagno,12,Lugano
Massongex,6,Sion
Massonnens,19,Fribourg
Mathod,9,Lausanne
Mathon,15,Chur
Matran,19,Fribourg
Matten bei Interlaken,16,Bern
Mattstetten,16,Bern
Matzendorf,13,Solothurn
Matzingen,23,Frauenfeld
Mauborget,24,La Chaux-de-Fonds
Mauensee,4,Luzern
Maur,5,Zürich
Mauraz,9,Lausanne
Medel (Lucmagn),15,Chur
Meggen,4,Luzern
Meienried (Urne commune),16,Bern
Meierskappel,4,Luzern
Meikirch,16,Bern
Meilen,5,Zürich
Meinier,10,Genève
Meinisberg,16,Bern
Meiringen,1,Sachseln
Meisterschwanden,20,Aarau
Melano,12,Lugano
Melchnau,16,Bern
Melide,12,Lugano
Mellikon,20,Aarau
Mellingen,20,Aarau
Mels,21,St. Gallen
Meltingen,13,Solothurn
Mendrisio,12,Lugano
Menziken,20,Aarau
Menzingen,5,Zürich
Menznau,4,Luzern
Merenschwand,20,Aarau
Mergoscia,12,Lugano
Merishausen,22,Schaffhausen
Mervelier,13,Solothurn
Merzligen,16,Bern
Mesocco,15,Chur
Messen,13,Solothurn
Mettauertal,20,Aarau
Mettembert,18,Delémont
Mettmenstetten,5,Zürich
Metzerlen-Mariastein,3,Basel
Mex (VD),9,Lausanne
Meyriez,19,Fribourg
Meyrin,10,Genève
Mezzovico-Vira,12,Lugano
Mies,10,Genève
Miglieglia,12,Lugano
Milvignes,24,La Chaux-de-Fonds
Minusio,12,Lugano
Mirchel,16,Bern
Misery-Courtion,19,Fribourg
Missy,19,Fribourg
Miège,6,Sion
Moiry,9,Lausanne
Moleno,12,Lugano
Mollens (VD),9,Lausanne
Mollens (VS),6,Sion
Molondin,9,Lausanne
Mont-Noble,6,Sion
Mont-Tramelan,18,Delémont
Mont-la-Ville,9,Lausanne
Mont-sur-Rolle,9,Lausanne
Montagny (FR),19,Fribourg
Montagny-près-Yverdon,9,Lausanne
Montalchez,9,Lausanne
Montana,6,Sion
Montanaire,9,Lausanne
Montcherand,9,Lausanne
Monte Carasso,12,Lugano
Monteceneri,12,Lugano
Monteggio,12,Lugano
Montet (Glâne),19,Fribourg
Montfaucon,18,Delémont
Montherod,9,Lausanne
Monthey,6,Sion
Montilliez,9,Lausanne
Montpreveyres,9,Lausanne
Montreux,19,Fribourg
Montricher,9,Lausanne
Moosleerau,20,Aarau
Moosseedorf,16,Bern
Morbio Inferiore,12,Lugano
Morcote,12,Lugano
Morens (FR),19,Fribourg
Morges,9,Lausanne
Morlon,19,Fribourg
Morrens (VD),9,Lausanne
Morschach,7,Rapperswil-Jona
Mosnang,21,St. Gallen
Mosogno,12,Lugano
Moudon,9,Lausanne
Moutier,18,Delémont
Movelier,18,Delémont
Muhen,20,Aarau
Mulegns,15,Chur
Mumpf,3,Basel
Mundaun,15,Chur
Muntelier,19,Fribourg
Muolen,23,Frauenfeld
Muotathal,7,Rapperswil-Jona
Muralto,12,Lugano
Murgenthal,13,Solothurn
Muri (AG),20,Aarau
Muri bei Bern,16,Bern
Muriaux,18,Delémont
Murist,9,Lausanne
Murten,19,Fribourg
Mutrux,9,Lausanne
Mutten,15,Chur
Muttenz,3,Basel
Muzzano,12,Lugano
Mägenwil,20,Aarau
Männedorf,5,Zürich
Märstetten,23,Frauenfeld
Ménières,19,Fribourg
Mézières (FR),19,Fribourg
Mézières (VD),9,Lausanne
Möhlin,3,Basel
Mönchaltorf,5,Zürich
Mönthal,20,Aarau
Mörel-Filet,6,Sion
Mörigen,16,Bern
Möriken-Wildegg,20,Aarau
Mörschwil,21,St. Gallen
Mötschwil (Urne commune),16,Bern
Mühlau,4,Luzern
Mühleberg,16,Bern
Mühledorf (BE),16,Bern
Mühlethurnen,16,Bern
Müllheim,23,Frauenfeld
Mülligen,20,Aarau
Mümliswil-Ramiswil,13,Solothurn
Münchenbuchsee,16,Bern
Münchenstein,3,Basel
Münchenwiler (Urne commune),19,Fribourg
Münchwilen (AG),20,Aarau
Münchwilen (TG),23,Frauenfeld
Münsingen,16,Bern
Münster-Geschinen,6,Sion
Münsterlingen,23,Frauenfeld
Müntschemier,19,Fribourg
Naters,6,Sion
Nebikon,4,Luzern
Neckertal,21,St. Gallen
Neerach,5,Zürich
Neftenbach,5,Zürich
Neggio,12,Lugano
Nendaz,6,Sion
Nenzlingen,3,Basel
Nesslau,21,St. Gallen
Neuchâtel,24,La Chaux-de-Fonds
Neuendorf,13,Solothurn
Neuenegg,19,Fribourg
Neuenhof,20,Aarau
Neuenkirch,4,Luzern
Neuhausen am Rheinfall,22,Schaffhausen
Neuheim,5,Zürich
Neunforn,23,Frauenfeld
Neunkirch,22,Schaffhausen
Neyruz (FR),19,Fribourg
Nidau,16,Bern
Niederbipp,13,Solothurn
Niederbuchsiten,13,Solothurn
Niederbüren,21,St. Gallen
Niederdorf,3,Basel
Niedergesteln,6,Sion
Niederglatt,5,Zürich
Niedergösgen,13,Solothurn
Niederhasli,5,Zürich
Niederhelfenschwil,23,Frauenfeld
Niederhünigen,16,Bern
Niederlenz,20,Aarau
Niedermuhlern (Urne commune),16,Bern
Niederried bei Interlaken,16,Bern
Niederrohrdorf,20,Aarau
Niederwald,6,Sion
Niederweningen,5,Zürich
Niederwil (AG),20,Aarau
Niederönz,13,Solothurn
Niederösch (Urne commune),16,Bern
Nods,18,Delémont
Noflen (Urne commune),16,Bern
Noréaz,19,Fribourg
Nottwil,4,Luzern
Novaggio,12,Lugano
Novalles,9,Lausanne
Novazzano,12,Lugano
Noville,6,Sion
Nufenen,15,Chur
Nuglar-St. Pantaleon,3,Basel
Nunningen,13,Solothurn
Nusshof,3,Basel
Nuvilly,9,Lausanne
Nyon,9,Lausanne
Nürensdorf,5,Zürich
Oberbalm,16,Bern
Oberbipp,13,Solothurn
Oberbuchsiten,13,Solothurn
Oberburg,16,Bern
Oberbüren,21,St. Gallen
Oberdiessbach,16,Bern
Oberdorf (BL),3,Basel
Oberdorf (NW),4,Luzern
Oberdorf (SO),13,Solothurn
Oberegg,21,St. Gallen
Oberembrach,5,Zürich
Oberems,6,Sion
Oberengstringen,5,Zürich
Oberentfelden,20,Aarau
Obergerlafingen,16,Bern
Oberglatt,5,Zürich
Obergoms,15,Chur
Obergösgen,13,Solothurn
Oberhallau,22,Schaffhausen
Oberhelfenschwil,21,St. Gallen
Oberhof,20,Aarau
Oberhofen am Thunersee,16,Bern
Oberhünigen,16,Bern
Oberiberg,7,Rapperswil-Jona
Oberkirch,4,Luzern
Oberkulm,20,Aarau
Oberlangenegg,16,Bern
Oberlunkhofen,20,Aarau
Obermumpf,3,Basel
Oberried am Brienzersee,16,Bern
Oberrieden,5,Zürich
Oberriet (SG),21,St. Gallen
Oberrohrdorf,20,Aarau
Oberrüti,4,Luzern
Obersaxen,15,Chur
Oberschrot,19,Fribourg
Obersiggenthal,20,Aarau
Oberstammheim,23,Frauenfeld
Obersteckholz,16,Bern
Oberthal,16,Bern
Oberuzwil,21,St. Gallen
Oberweningen,5,Zürich
Oberwil (BL),3,Basel
Oberwil bei Büren,13,Solothurn
Oberwil im Simmental,16,Bern
Oberwil-Lieli,20,Aarau
Oberägeri,5,Zürich
Oberösch (Urne commune),16,Bern
Obfelden,5,Zürich
Ochlenberg,16,Bern
Oekingen,16,Bern
Oensingen,13,Solothurn
Oeschenbach,16,Bern
Oeschgen,20,Aarau
Oetwil am See,5,Zürich
Oetwil an der Limmat,5,Zürich
Oftringen,13,Solothurn
Ogens,9,Lausanne
Ollon,6,Sion
Olsberg,3,Basel
Olten,13,Solothurn
Oltingen,13,Solothurn
Onex,10,Genève
Onnens (VD),9,Lausanne
Onsernone,12,Lugano
Opfikon,5,Zürich
Oppens,9,Lausanne
Oppligen,16,Bern
Orbe,9,Lausanne
Orges,9,Lausanne
Origlio,12,Lugano
Ormalingen,3,Basel
Ormont-Dessous,6,Sion
Ormont-Dessus,6,Sion
Orny,9,Lausanne
Oron,19,Fribourg
Orpund,16,Bern
Orselina,12,Lugano
Orsières,6,Sion
Orvin,18,Delémont
Orzens,9,Lausanne
Osogna,12,Lugano
Ossingen,5,Zürich
Ostermundigen,16,Bern
Otelfingen,5,Zürich
Othmarsingen,20,Aarau
Ottenbach,5,Zürich
Oulens-sous-Echallens,9,Lausanne
Pailly,9,Lausanne
Pampigny,9,Lausanne
Paradiso,12,Lugano
Paudex,9,Lausanne
Payerne,19,Fribourg
Penthalaz,9,Lausanne
Penthaz,9,Lausanne
Penthéréaz,9,Lausanne
Perly-Certoux,10,Genève
Perrefitte,18,Delémont
Perroy,9,Lausanne
Personico,12,Lugano
Peseux,24,La Chaux-de-Fonds
Petit-Val,18,Delémont
Pfaffnau,4,Luzern
Pfeffingen,3,Basel
Pfungen,5,Zürich
Pfyn,23,Frauenfeld
Pfäfers,15,Chur
Pfäffikon,5,Zürich
Pianezzo,12,Lugano
Pierrafortscha,19,Fribourg
Pieterlen,16,Bern
Plaffeien,19,Fribourg
Plan-les-Ouates,10,Genève
Plasselb,19,Fribourg
Plateau de Diesse,24,La Chaux-de-Fonds
Pleigne,18,Delémont
Pohlern,16,Bern
Poliez-Pittet,9,Lausanne
Pollegio,12,Lugano
Pompaples,9,Lausanne
Pomy,9,Lausanne
Pont-en-Ogoz,19,Fribourg
Pont-la-Ville,19,Fribourg
Ponte Capriasca,12,Lugano
Ponte Tresa,12,Lugano
Ponthaux,19,Fribourg
Pontresina,15,Chur
Porrentruy,18,Delémont
Port,16,Bern
Port-Valais,6,Sion
Porza,12,Lugano
Poschiavo,15,Chur
Prangins,9,Lausanne
Prato (Leventina),12,Lugano
Pratteln,3,Basel
Pregny-Chambésy,10,Genève
Premier,9,Lausanne
Preonzo,12,Lugano
Presinge,10,Genève
Prez-vers-Noréaz,19,Fribourg
Prilly,9,Lausanne
Provence,9,Lausanne
Préverenges,9,Lausanne
Prévondavaux,9,Lausanne
Prévonloup,19,Fribourg
Puidoux,9,Lausanne
Pully,9,Lausanne
Puplinge,10,Genève
Pura,12,Lugano
Péry-La Heutte,18,Delémont
Quarten,21,St. Gallen
Quinto,15,Chur
Radelfingen,16,Bern
Rafz,5,Zürich
Rain,4,Luzern
Ramlinsburg,3,Basel
Ramsen,23,Frauenfeld
Rances,9,Lausanne
Randa,6,Sion
Randogne,6,Sion
Raperswilen,23,Frauenfeld
Rapperswil (BE),16,Bern
Rapperswil-Jona,7,Rapperswil-Jona
Raron,6,Sion
Realp,15,Chur
Rebeuvelier,18,Delémont
Rebstein,21,St. Gallen
Rebévelier,18,Delémont
Recherswil,16,Bern
Rechthalten,19,Fribourg
Reckingen-Gluringen,6,Sion
Reconvilier,18,Delémont
Regensberg,5,Zürich
Regensdorf,5,Zürich
Rehetobel,21,St. Gallen
Reichenbach im Kandertal,16,Bern
Reichenburg,21,St. Gallen
Reiden,20,Aarau
Reigoldswil,3,Basel
Reinach (AG),20,Aarau
Reinach (BL),3,Basel
Reisiswil,16,Bern
Reitnau,20,Aarau
Rekingen (AG),20,Aarau
Remaufens,19,Fribourg
Remetschwil,20,Aarau
Remigen,20,Aarau
Renan (BE),24,La Chaux-de-Fonds
Renens (VD),9,Lausanne
Rennaz,6,Sion
Reute (AR),21,St. Gallen
Reutigen,16,Bern
Reverolle,9,Lausanne
Rheinau,5,Zürich
Rheineck,21,St. Gallen
Rheinfelden,3,Basel
Rhäzüns,15,Chur
Riaz,19,Fribourg
Richterswil,5,Zürich
Rickenbach (BL),3,Basel
Rickenbach (LU),20,Aarau
Rickenbach (SO),13,Solothurn
Rickenbach (TG),21,St. Gallen
Rickenbach (ZH),23,Frauenfeld
Riddes,6,Sion
Ried bei Kerzers,19,Fribourg
Ried-Brig,6,Sion
Riederalp,6,Sion
Riedholz,13,Solothurn
Riehen,3,Basel
Riemenstalden,0,Altdorf (UR)
Rietheim,20,Aarau
Rifferswil,5,Zürich
Riggisberg,16,Bern
Ringgenberg (BE),16,Bern
Riniken,20,Aarau
Riom-Parsonz,15,Chur
Risch,4,Luzern
Riva San Vitale,12,Lugano
Rivaz,9,Lausanne
Roche (VD),6,Sion
Rochefort,24,La Chaux-de-Fonds
Roches (BE),18,Delémont
Rocourt,18,Delémont
Rodersdorf,3,Basel
Roggenburg,18,Delémont
Roggliswil,4,Luzern
Roggwil (BE),16,Bern
Roggwil (TG),23,Frauenfeld
Rohr (SO),13,Solothurn
Rohrbach,16,Bern
Rohrbachgraben,16,Bern
Rolle,9,Lausanne
Romainmôtier-Envy,9,Lausanne
Romanel-sur-Lausanne,9,Lausanne
Romanel-sur-Morges,9,Lausanne
Romanshorn,23,Frauenfeld
Romont (BE),18,Delémont
Romont (FR),19,Fribourg
Romoos,4,Luzern
Ronco sopra Ascona,12,Lugano
Rongellen,15,Chur
Root,4,Luzern
Ropraz,9,Lausanne
Rorbas,5,Zürich
Rorschach,21,St. Gallen
Rorschacherberg,21,St. Gallen
Rossa,12,Lugano
Rossemaison,18,Delémont
Rossenges,9,Lausanne
Rossens (FR),19,Fribourg
Rossinière,19,Fribourg
Rothenbrunnen,15,Chur
Rothenburg,4,Luzern
Rothenfluh,3,Basel
Rothenthurm,7,Rapperswil-Jona
Rothrist,13,Solothurn
Rottenschwil,20,Aarau
Rougemont,19,Fribourg
Roveredo (GR),12,Lugano
Rovio,12,Lugano
Rovray,9,Lausanne
Rubigen,16,Bern
Rudolfstetten-Friedlisberg,5,Zürich
Rue,19,Fribourg
Rueyres,9,Lausanne
Rueyres-les-Prés,19,Fribourg
Rumendingen,16,Bern
Rumisberg,13,Solothurn
Rupperswil,20,Aarau
Russikon,5,Zürich
Russin,10,Genève
Russy,19,Fribourg
Ruswil,4,Luzern
Römerswil,4,Luzern
Röschenz,3,Basel
Röthenbach im Emmental,16,Bern
Rüderswil,16,Bern
Rüdlingen,5,Zürich
Rüdtligen-Alchenflüh,16,Bern
Rüeggisberg,16,Bern
Rüegsau,16,Bern
Rüfenach,20,Aarau
Rümikon,20,Aarau
Rümlang,5,Zürich
Rümligen,16,Bern
Rümlingen,3,Basel
Rünenberg,3,Basel
Rüschegg,16,Bern
Rüschlikon,5,Zürich
Rüte,21,St. Gallen
Rüthi (SG),21,St. Gallen
Rüti (ZH),5,Zürich
Rüti bei Büren,16,Bern
Rüti bei Lyssach (Urne commune),16,Bern
Rütschelen,16,Bern
Rüttenen,13,Solothurn
S-chanf,15,Chur
Saanen,16,Bern
Saas,15,Chur
Saas-Almagell,6,Sion
Saas-Balen,6,Sion
Saas-Fee,6,Sion
Saas-Grund,6,Sion
Sachseln,1,Sachseln
Safenwil,20,Aarau
Safiental,15,Chur
Safnern,16,Bern
Sagogn,15,Chur
Saicourt,18,Delémont
Saignelégier,18,Delémont
Saillon,6,Sion
Saint-Aubin (FR),19,Fribourg
Saint-Aubin-Sauges,9,Lausanne
Saint-Barthélemy (VD),9,Lausanne
Saint-Blaise,24,La Chaux-de-Fonds
Saint-Brais,18,Delémont
Saint-Cergue,9,Lausanne
Saint-George,9,Lausanne
Saint-Gingolph,6,Sion
Saint-Imier,24,La Chaux-de-Fonds
Saint-Livres,9,Lausanne
Saint-Légier-La Chiésaz,19,Fribourg
Saint-Léonard,6,Sion
Saint-Martin (FR),19,Fribourg
Saint-Martin (VS),6,Sion
Saint-Maurice,6,Sion
Saint-Oyens,9,Lausanne
Saint-Prex,9,Lausanne
Saint-Saphorin (Lavaux),9,Lausanne
Saint-Sulpice (VD),9,Lausanne
Sainte-Croix,9,Lausanne
Salenstein,23,Frauenfeld
Salgesch,6,Sion
Salmsach,23,Frauenfeld
Salouf,15,Chur
Salvan,6,Sion
Salvenach,19,Fribourg
Samedan,15,Chur
Samnaun,15,Chur
San Vittore,12,Lugano
Sant'Antonino,12,Lugano
Sant'Antonio,12,Lugano
Santa Maria in Calanca,15,Chur
Sargans,21,St. Gallen
Sarmenstorf,20,Aarau
Sarnen,4,Luzern
Sarzens,19,Fribourg
Satigny,10,Genève
Sattel,5,Zürich
Saubraz,9,Lausanne
Sauge,16,Bern
Saulcy,18,Delémont
Saules (BE),18,Delémont
Savigny,9,Lausanne
Savièse,6,Sion
Savognin,15,Chur
Savosa,12,Lugano
Saxeten,16,Bern
Saxon,6,Sion
Schaffhausen,22,Schaffhausen
Schafisheim,20,Aarau
Schangnau,16,Bern
Scharans,15,Chur
Schattdorf,0,Altdorf (UR)
Schattenhalb,0,Altdorf (UR)
Schelten,13,Solothurn
Schenkon,4,Luzern
Scherz,20,Aarau
Scheuren,16,Bern
Schiers,15,Chur
Schinznach,20,Aarau
Schinznach-Bad,20,Aarau
Schlatt (TG),23,Frauenfeld
Schlatt (ZH),5,Zürich
Schlatt-Haslen,21,St. Gallen
Schleinikon,5,Zürich
Schleitheim,22,Schaffhausen
Schlierbach,20,Aarau
Schlieren,5,Zürich
Schlossrued,20,Aarau
Schlosswil,16,Bern
Schluein,15,Chur
Schmerikon,21,St. Gallen
Schmiedrued,20,Aarau
Schmitten (FR),19,Fribourg
Schmitten (GR),15,Chur
Schneisingen,20,Aarau
Schnottwil,13,Solothurn
Schongau,20,Aarau
Schupfart,20,Aarau
Schwaderloch,20,Aarau
Schwadernau,16,Bern
Schwanden bei Brienz,1,Sachseln
Schwarzenberg,4,Luzern
Schwarzenburg,16,Bern
Schwarzhäusern,13,Solothurn
Schwellbrunn,21,St. Gallen
Schwende,21,St. Gallen
Schwendibach,16,Bern
Schwerzenbach,5,Zürich
Schwyz,7,Rapperswil-Jona
Schänis,21,St. Gallen
Schöfflisdorf,5,Zürich
Schöftland,20,Aarau
Schönenberg (ZH),5,Zürich
Schönenbuch,3,Basel
Schönengrund,21,St. Gallen
Schönenwerd,20,Aarau
Schönholzerswilen,23,Frauenfeld
Schötz,4,Luzern
Schübelbach,7,Rapperswil-Jona
Schüpfen,16,Bern
Schüpfheim,16,Bern
Scuol,15,Chur
Seeberg,16,Bern
Seedorf (BE),16,Bern
Seedorf (UR),0,Altdorf (UR)
Seegräben,5,Zürich
Seehof,13,Solothurn
Seelisberg,7,Rapperswil-Jona
Seengen,20,Aarau
Seewen,3,Basel
Seewis im Prättigau,15,Chur
Seftigen,16,Bern
Seltisberg,3,Basel
Selzach,13,Solothurn
Sembrancher,6,Sion
Sementina,12,Lugano
Sempach,4,Luzern
Semsales,19,Fribourg
Senarclens,9,Lausanne
Sennwald,21,St. Gallen
Senèdes,19,Fribourg
Seon,20,Aarau
Sergey,9,Lausanne
Serravalle,15,Chur
Servion,9,Lausanne
Sessa,12,Lugano
Seuzach,23,Frauenfeld
Sevelen,21,St. Gallen
Siblingen,22,Schaffhausen
Sierre,6,Sion
Siglistorf,5,Zürich
Signau,16,Bern
Signy-Avenex,9,Lausanne
Sigriswil,16,Bern
Silenen,0,Altdorf (UR)
Sils im Domleschg,15,Chur
Sils im Engadin/Segl,15,Chur
Silvaplana,15,Chur
Simplon,6,Sion
Sins,4,Luzern
Sion,6,Sion
Sirnach,23,Frauenfeld
Siselen,16,Bern
Sisikon,0,Altdorf (UR)
Sissach,3,Basel
Sisseln,20,Aarau
Siviriez,19,Fribourg
Soazza,15,Chur
Sobrio,12,Lugano
Solothurn,13,Solothurn
Sommeri,23,Frauenfeld
Sonceboz-Sombeval,18,Delémont
Sonogno,12,Lugano
Sonvilier,24,La Chaux-de-Fonds
Soral,10,Genève
Sorengo,12,Lugano
Sorens,19,Fribourg
Sorvilier,18,Delémont
Soubey,18,Delémont
Soyhières,18,Delémont
Speicher,21,St. Gallen
Spiez,16,Bern
Spiringen,0,Altdorf (UR)
Splügen,15,Chur
Spreitenbach,20,Aarau
St. Antoni,19,Fribourg
St. Antönien,15,Chur
St. Gallen,21,St. Gallen
St. Margrethen,21,St. Gallen
St. Moritz,15,Chur
St. Niklaus,6,Sion
St. Silvester,19,Fribourg
St. Stephan,16,Bern
St. Ursen,19,Fribourg
Stabio,12,Lugano
Stadel,5,Zürich
Staffelbach,20,Aarau
Stalden (VS),6,Sion
Staldenried,6,Sion
Stallikon,5,Zürich
Stans,4,Luzern
Stansstad,4,Luzern
Starrkirch-Wil,13,Solothurn
Staufen,20,Aarau
Steckborn,23,Frauenfeld
Steffisburg,16,Bern
Steg-Hohtenn,6,Sion
Stein (AG),20,Aarau
Stein (AR),21,St. Gallen
Stein am Rhein,23,Frauenfeld
Steinach,21,St. Gallen
Steinen,5,Zürich
Steinerberg,5,Zürich
Steinhausen,5,Zürich
Steinmaur,5,Zürich
Stetten (AG),20,Aarau
Stetten (SH),22,Schaffhausen
Stettfurt,23,Frauenfeld
Stettlen,16,Bern
Stocken-Höfen,16,Bern
Strengelbach,13,Solothurn
Studen (BE),16,Bern
Stäfa,5,Zürich
Stüsslingen,13,Solothurn
Subingen,13,Solothurn
Suchy,9,Lausanne
Sufers,15,Chur
Suhr,20,Aarau
Sulgen,23,Frauenfeld
Sullens,9,Lausanne
Sumiswald,16,Bern
Sumvitg,15,Chur
Sur,15,Chur
Surpierre,9,Lausanne
Sursee,4,Luzern
Suscévaz,9,Lausanne
Sutz-Lattrigen,16,Bern
Syens,9,Lausanne
Sâles,19,Fribourg
Sévaz,19,Fribourg
Sévery,9,Lausanne
Tafers,19,Fribourg
Tamins,15,Chur
Tannay,10,Genève
Tartegnin,9,Lausanne
Tavannes,18,Delémont
Tecknau,3,Basel
Tegerfelden,20,Aarau
Tenero-Contra,12,Lugano
Tenniken,3,Basel
Tentlingen,19,Fribourg
Termen,6,Sion
Terre di Pedemonte,12,Lugano
Teufen (AR),21,St. Gallen
Teufenthal (AG),20,Aarau
Teuffenthal (BE),16,Bern
Thal,21,St. Gallen
Thalheim (AG),20,Aarau
Thalheim an der Thur,5,Zürich
Thalwil,5,Zürich
Thayngen,22,Schaffhausen
Therwil,3,Basel
Thierachern,16,Bern
Thun,16,Bern
Thundorf,23,Frauenfeld
Thunstetten,16,Bern
Thusis,15,Chur
Thônex,10,Genève
Thörigen,16,Bern
Thürnen,3,Basel
Tinizong-Rona,15,Chur
Titterten,3,Basel
Tobel-Tägerschen,23,Frauenfeld
Toffen,16,Bern
Tolochenaz,9,Lausanne
Torny,19,Fribourg
Torricella-Taverne,12,Lugano
Trachselwald,16,Bern
Tramelan,18,Delémont
Trasadingen,22,Schaffhausen
Treiten,16,Bern
Trey,19,Fribourg
Treycovagnes,9,Lausanne
Treytorrens (Payerne),9,Lausanne
Treyvaux,19,Fribourg
Triengen,20,Aarau
Trient,6,Sion
Trimbach,13,Solothurn
Trimmis,15,Chur
Trin,15,Chur
Trogen,21,St. Gallen
Troinex,10,Genève
Troistorrents,6,Sion
Trub,16,Bern
Trubschachen,16,Bern
Trun,15,Chur
Truttikon,23,Frauenfeld
Trélex,9,Lausanne
Trüllikon,5,Zürich
Tschappina,15,Chur
Tschiertschen-Praden,15,Chur
Tschugg,16,Bern
Tuggen,7,Rapperswil-Jona
Tujetsch,15,Chur
Turbenthal,5,Zürich
Turgi,20,Aarau
Turtmann-Unterems,6,Sion
Twann-Tüscherz,24,La Chaux-de-Fonds
Tägerig,20,Aarau
Tägertschi,16,Bern
Tägerwilen,23,Frauenfeld
Täsch,6,Sion
Täuffelen,16,Bern
Tévenon,9,Lausanne
Törbel,6,Sion
Tübach,21,St. Gallen
Udligenswil,4,Luzern
Ueberstorf,19,Fribourg
Uebeschi,16,Bern
Ueken,20,Aarau
Uerkheim,20,Aarau
Uesslingen-Buch,23,Frauenfeld
Uetendorf,16,Bern
Uetikon am See,5,Zürich
Uezwil,20,Aarau
Ufhusen,16,Bern
Uitikon,5,Zürich
Ulmiz,19,Fribourg
Unterbäch,6,Sion
Untereggen,21,St. Gallen
Unterengstringen,5,Zürich
Unterentfelden,20,Aarau
Unteriberg,7,Rapperswil-Jona
Unterkulm,20,Aarau
Unterlangenegg,16,Bern
Unterlunkhofen,20,Aarau
Unterramsern,13,Solothurn
Unterschächen,0,Altdorf (UR)
Unterseen,16,Bern
Untersiggenthal,20,Aarau
Unterstammheim,23,Frauenfeld
Untervaz,15,Chur
Unterägeri,5,Zürich
Urdorf,5,Zürich
Urmein,15,Chur
Urnäsch,21,St. Gallen
Ursenbach,16,Bern
Ursins,9,Lausanne
Ursy,19,Fribourg
Urtenen-Schönbühl,16,Bern
Uster,5,Zürich
Uttigen,16,Bern
Uttwil,23,Frauenfeld
Utzenstorf,16,Bern
Uznach,21,St. Gallen
Uzwil,21,St. Gallen
Vacallo,12,Lugano
Val Müstair,15,Chur
Val Terbi,18,Delémont
Val-d'Illiez,6,Sion
Val-de-Charmey,19,Fribourg
Val-de-Ruz,24,La Chaux-de-Fonds
Val-de-Travers,24,La Chaux-de-Fonds
Valangin,24,La Chaux-de-Fonds
Valbirse,18,Delémont
Valbroye,9,Lausanne
Valeyres-sous-Montagny,9,Lausanne
Valeyres-sous-Rances,9,Lausanne
Valeyres-sous-Ursins,9,Lausanne
Vallon,19,Fribourg
Vallorbe,9,Lausanne
Vals,15,Chur
Valsot,15,Chur
Vandoeuvres,10,Genève
Varen,6,Sion
Vaulion,9,Lausanne
Vaulruz,19,Fribourg
Vaumarcus,9,Lausanne
Vaux-sur-Morges,9,Lausanne
Vaz/Obervaz,15,Chur
Vechigen,16,Bern
Vellerat,18,Delémont
Veltheim (AG),20,Aarau
Vendlincourt,18,Delémont
Venthône,6,Sion
Verdabbio,15,Chur
Vergeletto,12,Lugano
Vernate,12,Lugano
Vernay,19,Fribourg
Vernayaz,6,Sion
Vernier,10,Genève
Versoix,10,Genève
Vevey,19,Fribourg
Vex,6,Sion
Veyras,6,Sion
Veyrier,10,Genève
Veysonnaz,6,Sion
Veytaux,19,Fribourg
Vezia,12,Lugano
Vich,9,Lausanne
Vico Morcote,12,Lugano
Villarepos,19,Fribourg
Villars-Epeney,9,Lausanne
Villars-Sainte-Croix,9,Lausanne
Villars-le-Comte,9,Lausanne
Villars-le-Terroir,9,Lausanne
Villars-sous-Yens,9,Lausanne
Villars-sur-Glâne,19,Fribourg
Villarsel-sur-Marly,19,Fribourg
Villarzel,19,Fribourg
Villaz-Saint-Pierre,19,Fribourg
Villeneuve (FR),9,Lausanne
Villeneuve (VD),6,Sion
Villeret,18,Delémont
Villigen,20,Aarau
Villmergen,20,Aarau
Villnachern,20,Aarau
Villorsonnens,19,Fribourg
Vilters-Wangs,21,St. Gallen
Vinelz,16,Bern
Vinzel,9,Lausanne
Vionnaz,6,Sion
Visp,6,Sion
Visperterminen,6,Sion
Vitznau,4,Luzern
Vogorno,12,Lugano
Volken,5,Zürich
Volketswil,5,Zürich
Vollèges,6,Sion
Vordemwald,13,Solothurn
Vorderthal,7,Rapperswil-Jona
Vouvry,6,Sion
Vuadens,19,Fribourg
Vuarrens,9,Lausanne
Vucherens,9,Lausanne
Vufflens-la-Ville,9,Lausanne
Vufflens-le-Château,9,Lausanne
Vugelles-La Mothe,9,Lausanne
Vuissens,9,Lausanne
Vuisternens-devant-Romont,19,Fribourg
Vuisternens-en-Ogoz,19,Fribourg
Vuiteboeuf,9,Lausanne
Vulliens,9,Lausanne
Vullierens,9,Lausanne
Vully-les-Lacs,19,Fribourg
Vérossaz,6,Sion
Vétroz,6,Sion
Wachseldorn,16,Bern
Wagenhausen,23,Frauenfeld
Wahlen,18,Delémont
Walchwil,4,Luzern
Wald (AR),21,St. Gallen
Wald (BE) (Urne commune),16,Bern
Wald (ZH),5,Zürich
Waldenburg,3,Basel
Waldkirch,21,St. Gallen
Waldstatt,21,St. Gallen
Walenstadt,21,St. Gallen
Walkringen,16,Bern
Wallbach,3,Basel
Wallenried,19,Fribourg
Wallisellen,5,Zürich
Walliswil bei Niederbipp,13,Solothurn
Walliswil bei Wangen,13,Solothurn
Walperswil,16,Bern
Waltalingen,23,Frauenfeld
Waltensburg/Vuorz,7,Rapperswil-Jona
Waltenschwil,20,Aarau
Walterswil (BE),16,Bern
Walterswil (SO),13,Solothurn
Walzenhausen,21,St. Gallen
Wangen (SZ),7,Rapperswil-Jona
Wangen an der Aare,13,Solothurn
Wangen bei Olten,13,Solothurn
Wangen-Brüttisellen,5,Zürich
Wangenried,13,Solothurn
Wartau,21,St. Gallen
Warth-Weiningen,23,Frauenfeld
Wassen,0,Altdorf (UR)
Wasterkingen,5,Zürich
Wattenwil,16,Bern
Wattwil,21,St. Gallen
Wauwil,4,Luzern
Weesen,21,St. Gallen
Wegenstetten,3,Basel
Weggis,4,Luzern
Weiach,5,Zürich
Weinfelden,23,Frauenfeld
Weiningen (ZH),5,Zürich
Weisslingen,5,Zürich
Welschenrohr,13,Solothurn
Wengi,13,Solothurn
Wenslingen,3,Basel
Werthenstein,4,Luzern
Wettingen,20,Aarau
Wettswil am Albis,5,Zürich
Wetzikon (ZH),5,Zürich
Wichtrach,16,Bern
Widen,5,Zürich
Widnau,21,St. Gallen
Wiedlisbach,13,Solothurn
Wiesendangen,23,Frauenfeld
Wiggiswil (Urne commune),16,Bern
Wigoltingen,23,Frauenfeld
Wikon,20,Aarau
Wil (SG),21,St. Gallen
Wil (ZH),5,Zürich
Wila,5,Zürich
Wilchingen,22,Schaffhausen
Wildberg,5,Zürich
Wilderswil,16,Bern
Wildhaus-Alt St. Johann,21,St. Gallen
Wilen (TG),21,St. Gallen
Wiler (Lötschen),6,Sion
Wiler bei Utzenstorf,16,Bern
Wileroltigen,16,Bern
Wiliberg,20,Aarau
Willadingen,16,Bern
Willisau,4,Luzern
Wimmis,16,Bern
Windisch,20,Aarau
Winkel,5,Zürich
Wintersingen,3,Basel
Winterthur,5,Zürich
Winznau,13,Solothurn
Wisen (SO),3,Basel
Wislikofen,20,Aarau
Wittenbach,21,St. Gallen
Witterswil,3,Basel
Wittinsburg,3,Basel
Wittnau,20,Aarau
Wohlen (AG),20,Aarau
Wohlen bei Bern,16,Bern
Wohlenschwil,20,Aarau
Wolfenschiessen,4,Luzern
Wolfhalden,21,St. Gallen
Wolfisberg,13,Solothurn
Wolfwil,13,Solothurn
Wolhusen,4,Luzern
Wollerau,5,Zürich
Worb,16,Bern
Worben,16,Bern
Wuppenau,23,Frauenfeld
Wynau,13,Solothurn
Wynigen,16,Bern
Wyssachen,16,Bern
Wädenswil,5,Zürich
Wäldi,23,Frauenfeld
Wängi,23,Frauenfeld
Wölflinswil,20,Aarau
Wünnewil-Flamatt,19,Fribourg
Würenlingen,20,Aarau
Würenlos,20,Aarau
Yens,9,Lausanne
Yverdon-les-Bains,9,Lausanne
Yvonand,9,Lausanne
Yvorne,6,Sion
Zeglingen,13,Solothurn
Zeihen,20,Aarau
Zeiningen,3,Basel
Zell (LU),4,Luzern
Zell (ZH),5,Zürich
Zeneggen,6,Sion
Zermatt,6,Sion
Zernez,15,Chur
Zetzwil,20,Aarau
Ziefen,3,Basel
Zielebach,16,Bern
Zihlschlacht-Sitterdorf,23,Frauenfeld
Zillis-Reischen,15,Chur
Zizers,15,Chur
Zofingen,20,Aarau
Zollikofen,16,Bern
Zollikon,5,Zürich
Zuchwil,13,Solothurn
Zufikon,20,Aarau
Zug,5,Zürich
Zullwil,13,Solothurn
Zumholz,19,Fribourg
Zumikon,5,Zürich
Zunzgen,3,Basel
Zuoz,15,Chur
Zuzgen,3,Basel
Zuzwil (BE),16,Bern
Zuzwil (SG),21,St. Gallen
Zweisimmen,16,Bern
Zwieselberg,16,Bern
Zwingen,3,Basel
Zwischbergen,6,Sion
Zäziwil,16,Bern
Zürich,5,Zürich
